كيفاش بدات كورونا,corona_history
فين بانت كورونا,corona_history
وقتاش بانت كورونا,corona_history
corona,corona_history
امتى بدأت كورونا,corona_history
أين ظهرت كورونا,corona_history
شناهيا الدولة لي بدات فيها كورونا,corona_history
بدات فيها كورونا,corona_history
شنو هو كورونا,corona_history
شنو هو فيروس كورونا,corona_history
ما هو فيروش كورونا,corona_history
مايغان كورونا,corona_history
شناهي كرونا,corona_history
أش ناهية التركيبة الجينية ديال الفيروس كورونا,corona_history
كايقولو بلي الناس لي عندهم فصيلة الدم o مكايتصابوش بالفيروس,corona_history
اوا قولي ليا دابا نوع فيروس كرونا,corona_history
متسنت فكورونا,corona_history
chno hya corona,corona_history
Maydigan corona,corona_history
كتعرفي فيروس كورونا,corona_history
علاش كورونا خطير ؟,corona_history
شناهيا كورونا؟,corona_history
شنو كاتعرف على كورونا,corona_history
واش كورونا مصاوبة في معمل؟,corona_history
واش كورونا ناتج عن حرب بيولوجية,corona_history
واش يمكن ل كورونا ينتاشر فالهواء,corona_history
هل هذا الفيروس عبارة عن مؤامرة,corona_history
واش كورونا خطير,corona_history
ما هي كورونا,corona_history
شناهيا كورونا,corona_history
شنو كتعني كورونا,corona_history
كورونا شنو كتعني,corona_history
wach corona kat9toul,corona_history
acha hya corona ?,corona_history
اشهيا كورونا ؟,corona_history
شو هي كورونا,corona_history
ach hya,corona_history
كيفاش بدات كورونا,corona_history
الفيروس مؤامرة,corona_history
كورونا,corona_history
fin bda had lviruse,corona_history
اه تقدري تعطيني معلومات كتر على كورونا,corona_history
كورونا,corona_history
كوروونا,corona_history
korona,corona_history
cirona,corona_history