ما هي أعراض كورونا ؟,corona_syndrome 
ana wach fia corona,corona_syndrome 
bghite n3ref wach fia,corona_syndrome 
chnahoma al3rad dyal corona,corona_syndrome 
أعراض,corona_syndrome 
أعراض كورونا,corona_syndrome 
جاتني العطسة و الكحبة واش فيا كورونا ؟,corona_syndrome 
باش نعرف بلي فيا كورونا ؟,corona_syndrome 
شناهما الأعراض د كورونا ؟,corona_syndrome 
ماهية أعراض فيروس كورونا,corona_syndrome 
كيفاش نقدر نعرف فيا كورونا؟,corona_syndrome 
الأعراض,corona_syndrome 
اشناهيا اعراض كورونا,corona_syndrome 
Achnahouma l2a3rad t corona,corona_syndrome 
شناهي أعراض كورونا؟,corona_syndrome 
الأعراض ديال كورونا,corona_syndrome 
اعراض ديال كورونا,corona_syndrome 
قصدت شحال هي مدة حضانة الفيروس؟,corona_syndrome 
شنو هي أعراض فيروس كورونا ؟,corona_syndrome 
فيا الكحبة بزاف,corona_syndrome 
كنعطس بزاف,corona_syndrome 
السخانة,corona_syndrome 
كيضرني راسي,corona_syndrome 
symptômes,corona_syndrome 