l7alat f lmghrib,corona_cas_number
ممكن تعطيني الجديد على الحالة الوبائية فالمغرب ؟,corona_cas_number
شحال من حالة د كورونا ليوم ؟,corona_cas_number
شحال الحالات د كورونا فالمغرب دبا ؟,corona_cas_number
عدد الاشخاص المصابين,corona_cas_number
شحال وصلنا من حالة,corona_cas_number
ماسولتكش على الاحصائيات,corona_cas_number
Ch7ar imothen s cCh7al mato lyoumorona,corona_cas_number
شحال عدد المصابين في المغرب,corona_cas_number
شحال من اصابة كاينة فالمغريب؟,corona_cas_number
ممكن تعطيني عدد الضحايا ديال فيروس كورونا بالمغرب,corona_cas_number
شحال عدد حالات الإصابة فالمغرب لحد الأن ؟,corona_cas_number
Ch7ar imothen s corona,corona_cas_number
شحال عدد الحالات للي كاينا دابا فالمغرب,corona_cas_number
شحال الحلات فالمغرب,corona_cas_number
ممكن تعطيني عدد الضحايا ديال فيروس كورونا بالمغرب,corona_cas_number
شحال من اصابة كاينة فالمغريب؟,corona_cas_number
شحال عدد الضحايا فالمغرب,corona_cas_number
شحال عدد المصابين في المغرب,corona_cas_number
شحال الحالات د كورونا فالمغرب دبا ؟,corona_cas_number
ممكن تعطيني الجديد على الحالة الوبائية فالمغرب ؟,corona_cas_number
قلت لك أنا بغيت غير عدد الضحايا في المغرب,corona_cas_number
شحال عدد حالات الإصابة فالمغرب لحد الأن ؟,corona_cas_number
شحال الحلات فالمغرب,corona_cas_number
ممكن تعطيني عدد الضحايا ديال فيروس كورونا بالمغرب,corona_cas_number
شحال من اصابة كاينة فالمغريب؟,corona_cas_number
شحال عدد الضحايا فالمغرب,corona_cas_number
شحال عدد المصابين في المغرب,corona_cas_number
شحال الحالات د كورونا فالمغرب دبا ؟,corona_cas_number
ممكن تعطيني الجديد على الحالة الوبائية فالمغرب ؟,corona_cas_number
قلت لك أنا بغيت غير عدد الضحايا في المغرب,corona_cas_number
شحال وصلنا من حالة,corona_cas_number
شحال ديال الناس ماتو,corona_cas_number
شحال مات,corona_cas_number
شحال وصلنا ليوم,corona_cas_number
شحال ديال الناس مات,corona_cas_number
nombre de cas,corona_cas_number
شحال دبا,corona_cas_number
عدد الحالات اليوم,corona_cas_number
شحال الحلات فالمغرب,corona_cas_number
شحال أك اوضنت الحالات ن كورونا ݣتمازيرت ؟,corona_cas_number
كم عدد حالات كورونا ؟,corona_cas_number
شحال وصلنا دبا,corona_cas_number
عدد حالات كورونا,corona_cas_number
عدد الحالات,corona_cas_number
chhal wssalna,corona_cas_number
شحال وصلنا,corona_cas_number
Shhal men wahd fih corona,corona_cas_number
chhal mn cas f lmghriib,corona_cas_number
شحال عدد الاصابات دابا,corona_cas_number
شحال وصلو اليوما,corona_cas_number
شحال كاينا من حالة دابا,corona_cas_number
شحال من واحد مات بيه,corona_cas_number
شحال العدد المصابين,corona_cas_number
شحال من حاة جديدة فيها كورونا,corona_cas_number
شحال كاين ف طاليان,corona_cas_number
شحال من حالة كاينة فالعالم,corona_cas_number
قلت لك أنا بغيت غير عدد الضحايا في المغرب,corona_cas_number