تقوليلي كي غندير نحمي راسي من كورونا,corona_protection
مبغيتش نمرض,corona_protection
كفاش نحمي راسي من كورونا,corona_protection
kifash n7mi rassi mn corona,corona_protection
كفاش نقدري نوقي راسي ؟,corona_protection
شنو الحل في نظرك باش نغلبو كورونا؟,corona_protection
كفاش نوقي راسي,corona_protection
كفاش نقي راسي من كورونا,corona_protection
chno khasni nakoul o la nchreb bach n7afd 3la rasi f had l2azma,corona_protection
الإجرءات ليخصنا نديرو باش نحميو راسنا من كورونا,corona_protection
باش نحميو راسنا من كورونا,corona_protection
باش نحميو راسنا,corona_protection
n7afed,corona_protection
شنو هي الإجرءات ليخصنا نديرو باش نحميو راسنا من كورونا,corona_protection
nw9i rassi,corona_protection
kifash n9i rassi mn corona,corona_protection
kifach nhmi rassi mn corona,corona_protection
protection,corona_protection
شنو ندير للوقاية من كورونا,corona_protection
شنو هي الإجراءات لي خصنا نتبعو باش نحميو راسنا,corona_protection
طرق الوقاية,corona_protection
اشناهيا الإجراءات الوقائية من فيروس كورونا,corona_protection
احتيطات اللازمة,corona_protection
احتياط,corona_protection
الوقاية,corona_protection
كيفاش ناخد إحتياط ديالي من كورونا,corona_protection
شنو الإجراءات اللازمة للوقاية,corona_protection
شنو ندير باش نحمي راسي ؟,corona_protection
الى حسيت براسي ماشي هو هداك شنو ندير ؟,corona_protection
كيفاش نحميو راسنا,corona_protection
واش مهم نبقاو في الدار,corona_protection
تقدر تزيد شي نصائح للناس,corona_protection
شنو خاص ندير باش مانمرضش,corona_protection
الإجراءات لي خصنا نتبعو باش نحميو راسنا,corona_protection