ماغانخرجوش ف 20 ابريل غير تهناي,quarantine
ما هي عقوبة مخالف الحجر الصحي؟,quarantine
confinement,quarantine
إمتا غايسالي هدشي,quarantine
هل سنعود لحياتنا الطبيعية,quarantine
واش نقدر نخرج من الدار,quarantine
واش غانخرجو في 20 ابريل؟,quarantine
وقتاش غايسالي الحجر الصحي,quarantine
Fu9ash issali lhajr sihi,quarantine
Fu9ash issali lhajr sihhi,quarantine
بغيت نخرج من الدار,quarantine
إمتا غايسالي الحجر الصحي,quarantine
ماغانخرجوش ف 20 ابريل,quarantine
quarantine,quarantine
7ajr,quarantine
واش غادي يزيد يتمدد الحجر الصحي,quarantine
الحجر,quarantine